level_0,level_1,score
pollen,lr,
pollen,rf,
pollen,svm,
pollen,mlp,
pollen,knn,
Sick_numeric,lr,
Sick_numeric,rf,
Sick_numeric,svm,
Sick_numeric,mlp,
Sick_numeric,knn,
jungle_chess_2pcs_endgame_rat_rat,lr,
jungle_chess_2pcs_endgame_rat_rat,rf,
jungle_chess_2pcs_endgame_rat_rat,svm,
jungle_chess_2pcs_endgame_rat_rat,mlp,
jungle_chess_2pcs_endgame_rat_rat,knn,
led24,lr,
led24,rf,
led24,svm,
led24,mlp,
led24,knn,
led7,lr,
led7,rf,
led7,svm,
led7,mlp,
led7,knn,
kr-vs-kp,lr,
kr-vs-kp,rf,
kr-vs-kp,svm,
kr-vs-kp,mlp,
kr-vs-kp,knn,
splice,lr,
splice,rf,
splice,svm,
splice,mlp,
splice,knn,
space_ga,lr,
space_ga,rf,
space_ga,svm,
space_ga,mlp,
space_ga,knn,
seismic-bumps,lr,
seismic-bumps,rf,
seismic-bumps,svm,
seismic-bumps,mlp,
seismic-bumps,knn,
ozone-level-8hr,lr,
ozone-level-8hr,rf,
ozone-level-8hr,svm,
ozone-level-8hr,mlp,
ozone-level-8hr,knn,
jungle_chess_2pcs_endgame_lion_lion,lr,
jungle_chess_2pcs_endgame_lion_lion,rf,
jungle_chess_2pcs_endgame_lion_lion,svm,
jungle_chess_2pcs_endgame_lion_lion,mlp,
jungle_chess_2pcs_endgame_lion_lion,knn,
jungle_chess_2pcs_endgame_elephant_elephant,lr,
jungle_chess_2pcs_endgame_elephant_elephant,rf,
jungle_chess_2pcs_endgame_elephant_elephant,svm,
jungle_chess_2pcs_endgame_elephant_elephant,mlp,
jungle_chess_2pcs_endgame_elephant_elephant,knn,
segment,lr,
segment,rf,
segment,svm,
segment,mlp,
segment,knn,
Titanic,lr,
Titanic,rf,
Titanic,svm,
Titanic,mlp,
Titanic,knn,
quake,lr,
quake,rf,
quake,svm,
quake,mlp,
quake,knn,
kc1,lr,
kc1,rf,
kc1,svm,
kc1,mlp,
kc1,knn,
balloon,lr,
balloon,rf,
balloon,svm,
balloon,mlp,
balloon,knn,
mfeat-fourier,lr,
mfeat-fourier,rf,
mfeat-fourier,svm,
mfeat-fourier,mlp,
mfeat-fourier,knn,
ozone-level-8hr_seed_0_nrows_2000_nclasses_10_ncols_100_stratify_True,lr,
ozone-level-8hr_seed_0_nrows_2000_nclasses_10_ncols_100_stratify_True,rf,
ozone-level-8hr_seed_0_nrows_2000_nclasses_10_ncols_100_stratify_True,svm,
ozone-level-8hr_seed_0_nrows_2000_nclasses_10_ncols_100_stratify_True,mlp,
ozone-level-8hr_seed_0_nrows_2000_nclasses_10_ncols_100_stratify_True,knn,
mfeat-karhunen,lr,
mfeat-karhunen,rf,
mfeat-karhunen,svm,
mfeat-karhunen,mlp,
mfeat-karhunen,knn,
jannis_seed_0_nrows_2000_nclasses_10_ncols_100_stratify_True,lr,
jannis_seed_0_nrows_2000_nclasses_10_ncols_100_stratify_True,rf,
jannis_seed_0_nrows_2000_nclasses_10_ncols_100_stratify_True,svm,
jannis_seed_0_nrows_2000_nclasses_10_ncols_100_stratify_True,mlp,
jannis_seed_0_nrows_2000_nclasses_10_ncols_100_stratify_True,knn,
covertype_seed_0_nrows_2000_nclasses_10_ncols_100_stratify_True,lr,
covertype_seed_0_nrows_2000_nclasses_10_ncols_100_stratify_True,rf,
covertype_seed_0_nrows_2000_nclasses_10_ncols_100_stratify_True,svm,
covertype_seed_0_nrows_2000_nclasses_10_ncols_100_stratify_True,mlp,
covertype_seed_0_nrows_2000_nclasses_10_ncols_100_stratify_True,knn,
first-order-theorem-proving_seed_0_nrows_2000_nclasses_10_ncols_100_stratify_True,lr,
first-order-theorem-proving_seed_0_nrows_2000_nclasses_10_ncols_100_stratify_True,rf,
first-order-theorem-proving_seed_0_nrows_2000_nclasses_10_ncols_100_stratify_True,svm,
first-order-theorem-proving_seed_0_nrows_2000_nclasses_10_ncols_100_stratify_True,mlp,
first-order-theorem-proving_seed_0_nrows_2000_nclasses_10_ncols_100_stratify_True,knn,
MiniBooNE_seed_0_nrows_2000_nclasses_10_ncols_100_stratify_True,lr,
MiniBooNE_seed_0_nrows_2000_nclasses_10_ncols_100_stratify_True,rf,
MiniBooNE_seed_0_nrows_2000_nclasses_10_ncols_100_stratify_True,svm,
MiniBooNE_seed_0_nrows_2000_nclasses_10_ncols_100_stratify_True,mlp,
MiniBooNE_seed_0_nrows_2000_nclasses_10_ncols_100_stratify_True,knn,
KDDCup09_upselling_seed_0_nrows_2000_nclasses_10_ncols_100_stratify_True,lr,
KDDCup09_upselling_seed_0_nrows_2000_nclasses_10_ncols_100_stratify_True,rf,
KDDCup09_upselling_seed_0_nrows_2000_nclasses_10_ncols_100_stratify_True,svm,
KDDCup09_upselling_seed_0_nrows_2000_nclasses_10_ncols_100_stratify_True,mlp,
KDDCup09_upselling_seed_0_nrows_2000_nclasses_10_ncols_100_stratify_True,knn,
ada_seed_0_nrows_2000_nclasses_10_ncols_100_stratify_True,lr,
ada_seed_0_nrows_2000_nclasses_10_ncols_100_stratify_True,rf,
ada_seed_0_nrows_2000_nclasses_10_ncols_100_stratify_True,svm,
ada_seed_0_nrows_2000_nclasses_10_ncols_100_stratify_True,mlp,
ada_seed_0_nrows_2000_nclasses_10_ncols_100_stratify_True,knn,
mfeat-zernike,lr,
mfeat-zernike,rf,
mfeat-zernike,svm,
mfeat-zernike,mlp,
mfeat-zernike,knn,
connect-4_seed_0_nrows_2000_nclasses_10_ncols_100_stratify_True,lr,
connect-4_seed_0_nrows_2000_nclasses_10_ncols_100_stratify_True,rf,
connect-4_seed_0_nrows_2000_nclasses_10_ncols_100_stratify_True,svm,
connect-4_seed_0_nrows_2000_nclasses_10_ncols_100_stratify_True,mlp,
connect-4_seed_0_nrows_2000_nclasses_10_ncols_100_stratify_True,knn,
kr-vs-kp_seed_0_nrows_2000_nclasses_10_ncols_100_stratify_True,lr,
kr-vs-kp_seed_0_nrows_2000_nclasses_10_ncols_100_stratify_True,rf,
kr-vs-kp_seed_0_nrows_2000_nclasses_10_ncols_100_stratify_True,svm,
kr-vs-kp_seed_0_nrows_2000_nclasses_10_ncols_100_stratify_True,mlp,
kr-vs-kp_seed_0_nrows_2000_nclasses_10_ncols_100_stratify_True,knn,
road-safety_seed_0_nrows_2000_nclasses_10_ncols_100_stratify_True,lr,
road-safety_seed_0_nrows_2000_nclasses_10_ncols_100_stratify_True,rf,
road-safety_seed_0_nrows_2000_nclasses_10_ncols_100_stratify_True,svm,
road-safety_seed_0_nrows_2000_nclasses_10_ncols_100_stratify_True,mlp,
road-safety_seed_0_nrows_2000_nclasses_10_ncols_100_stratify_True,knn,
GesturePhaseSegmentationProcessed_seed_0_nrows_2000_nclasses_10_ncols_100_stratify_True,lr,
GesturePhaseSegmentationProcessed_seed_0_nrows_2000_nclasses_10_ncols_100_stratify_True,rf,
GesturePhaseSegmentationProcessed_seed_0_nrows_2000_nclasses_10_ncols_100_stratify_True,svm,
GesturePhaseSegmentationProcessed_seed_0_nrows_2000_nclasses_10_ncols_100_stratify_True,mlp,
GesturePhaseSegmentationProcessed_seed_0_nrows_2000_nclasses_10_ncols_100_stratify_True,knn,
PhishingWebsites_seed_0_nrows_2000_nclasses_10_ncols_100_stratify_True,lr,
PhishingWebsites_seed_0_nrows_2000_nclasses_10_ncols_100_stratify_True,rf,
PhishingWebsites_seed_0_nrows_2000_nclasses_10_ncols_100_stratify_True,svm,
PhishingWebsites_seed_0_nrows_2000_nclasses_10_ncols_100_stratify_True,mlp,
PhishingWebsites_seed_0_nrows_2000_nclasses_10_ncols_100_stratify_True,knn,
pol_seed_0_nrows_2000_nclasses_10_ncols_100_stratify_True,lr,
pol_seed_0_nrows_2000_nclasses_10_ncols_100_stratify_True,rf,
pol_seed_0_nrows_2000_nclasses_10_ncols_100_stratify_True,svm,
pol_seed_0_nrows_2000_nclasses_10_ncols_100_stratify_True,mlp,
pol_seed_0_nrows_2000_nclasses_10_ncols_100_stratify_True,knn,
Higgs_seed_0_nrows_2000_nclasses_10_ncols_100_stratify_True,lr,
Higgs_seed_0_nrows_2000_nclasses_10_ncols_100_stratify_True,rf,
Higgs_seed_0_nrows_2000_nclasses_10_ncols_100_stratify_True,svm,
Higgs_seed_0_nrows_2000_nclasses_10_ncols_100_stratify_True,mlp,
Higgs_seed_0_nrows_2000_nclasses_10_ncols_100_stratify_True,knn,
eye_movements_seed_0_nrows_2000_nclasses_10_ncols_100_stratify_True,lr,
eye_movements_seed_0_nrows_2000_nclasses_10_ncols_100_stratify_True,rf,
eye_movements_seed_0_nrows_2000_nclasses_10_ncols_100_stratify_True,svm,
eye_movements_seed_0_nrows_2000_nclasses_10_ncols_100_stratify_True,mlp,
eye_movements_seed_0_nrows_2000_nclasses_10_ncols_100_stratify_True,knn,
numerai28.6_seed_0_nrows_2000_nclasses_10_ncols_100_stratify_True,lr,
numerai28.6_seed_0_nrows_2000_nclasses_10_ncols_100_stratify_True,rf,
numerai28.6_seed_0_nrows_2000_nclasses_10_ncols_100_stratify_True,svm,
numerai28.6_seed_0_nrows_2000_nclasses_10_ncols_100_stratify_True,mlp,
numerai28.6_seed_0_nrows_2000_nclasses_10_ncols_100_stratify_True,knn,
kc1_seed_0_nrows_2000_nclasses_10_ncols_100_stratify_True,lr,
kc1_seed_0_nrows_2000_nclasses_10_ncols_100_stratify_True,rf,
kc1_seed_0_nrows_2000_nclasses_10_ncols_100_stratify_True,svm,
kc1_seed_0_nrows_2000_nclasses_10_ncols_100_stratify_True,mlp,
kc1_seed_0_nrows_2000_nclasses_10_ncols_100_stratify_True,knn,
kdd_ipums_la_97-small_seed_0_nrows_2000_nclasses_10_ncols_100_stratify_True,lr,
kdd_ipums_la_97-small_seed_0_nrows_2000_nclasses_10_ncols_100_stratify_True,rf,
kdd_ipums_la_97-small_seed_0_nrows_2000_nclasses_10_ncols_100_stratify_True,svm,
kdd_ipums_la_97-small_seed_0_nrows_2000_nclasses_10_ncols_100_stratify_True,mlp,
kdd_ipums_la_97-small_seed_0_nrows_2000_nclasses_10_ncols_100_stratify_True,knn,
churn_seed_0_nrows_2000_nclasses_10_ncols_100_stratify_True,lr,
churn_seed_0_nrows_2000_nclasses_10_ncols_100_stratify_True,rf,
churn_seed_0_nrows_2000_nclasses_10_ncols_100_stratify_True,svm,
churn_seed_0_nrows_2000_nclasses_10_ncols_100_stratify_True,mlp,
churn_seed_0_nrows_2000_nclasses_10_ncols_100_stratify_True,knn,
compass_seed_0_nrows_2000_nclasses_10_ncols_100_stratify_True,lr,
compass_seed_0_nrows_2000_nclasses_10_ncols_100_stratify_True,rf,
compass_seed_0_nrows_2000_nclasses_10_ncols_100_stratify_True,svm,
compass_seed_0_nrows_2000_nclasses_10_ncols_100_stratify_True,mlp,
compass_seed_0_nrows_2000_nclasses_10_ncols_100_stratify_True,knn,
house_16H_seed_0_nrows_2000_nclasses_10_ncols_100_stratify_True,lr,
house_16H_seed_0_nrows_2000_nclasses_10_ncols_100_stratify_True,rf,
house_16H_seed_0_nrows_2000_nclasses_10_ncols_100_stratify_True,svm,
house_16H_seed_0_nrows_2000_nclasses_10_ncols_100_stratify_True,mlp,
house_16H_seed_0_nrows_2000_nclasses_10_ncols_100_stratify_True,knn,
segment_seed_0_nrows_2000_nclasses_10_ncols_100_stratify_True,lr,
segment_seed_0_nrows_2000_nclasses_10_ncols_100_stratify_True,rf,
segment_seed_0_nrows_2000_nclasses_10_ncols_100_stratify_True,svm,
segment_seed_0_nrows_2000_nclasses_10_ncols_100_stratify_True,mlp,
segment_seed_0_nrows_2000_nclasses_10_ncols_100_stratify_True,knn,
adult_seed_0_nrows_2000_nclasses_10_ncols_100_stratify_True,lr,
adult_seed_0_nrows_2000_nclasses_10_ncols_100_stratify_True,rf,
adult_seed_0_nrows_2000_nclasses_10_ncols_100_stratify_True,svm,
adult_seed_0_nrows_2000_nclasses_10_ncols_100_stratify_True,mlp,
adult_seed_0_nrows_2000_nclasses_10_ncols_100_stratify_True,knn,
adult_seed_1_nrows_2000_nclasses_10_ncols_100_stratify_True,lr,
adult_seed_1_nrows_2000_nclasses_10_ncols_100_stratify_True,rf,
adult_seed_1_nrows_2000_nclasses_10_ncols_100_stratify_True,svm,
adult_seed_1_nrows_2000_nclasses_10_ncols_100_stratify_True,mlp,
adult_seed_1_nrows_2000_nclasses_10_ncols_100_stratify_True,knn,
adult_seed_2_nrows_2000_nclasses_10_ncols_100_stratify_True,lr,
adult_seed_2_nrows_2000_nclasses_10_ncols_100_stratify_True,rf,
adult_seed_2_nrows_2000_nclasses_10_ncols_100_stratify_True,svm,
adult_seed_2_nrows_2000_nclasses_10_ncols_100_stratify_True,mlp,
adult_seed_2_nrows_2000_nclasses_10_ncols_100_stratify_True,knn,
adult_seed_3_nrows_2000_nclasses_10_ncols_100_stratify_True,lr,
adult_seed_3_nrows_2000_nclasses_10_ncols_100_stratify_True,rf,
adult_seed_3_nrows_2000_nclasses_10_ncols_100_stratify_True,svm,
adult_seed_3_nrows_2000_nclasses_10_ncols_100_stratify_True,mlp,
adult_seed_3_nrows_2000_nclasses_10_ncols_100_stratify_True,knn,
adult_seed_4_nrows_2000_nclasses_10_ncols_100_stratify_True,lr,
adult_seed_4_nrows_2000_nclasses_10_ncols_100_stratify_True,rf,
adult_seed_4_nrows_2000_nclasses_10_ncols_100_stratify_True,svm,
adult_seed_4_nrows_2000_nclasses_10_ncols_100_stratify_True,mlp,
adult_seed_4_nrows_2000_nclasses_10_ncols_100_stratify_True,knn,
rl_seed_0_nrows_2000_nclasses_10_ncols_100_stratify_True,lr,
rl_seed_0_nrows_2000_nclasses_10_ncols_100_stratify_True,rf,
rl_seed_0_nrows_2000_nclasses_10_ncols_100_stratify_True,svm,
rl_seed_0_nrows_2000_nclasses_10_ncols_100_stratify_True,mlp,
rl_seed_0_nrows_2000_nclasses_10_ncols_100_stratify_True,knn,
wine_seed_0_nrows_2000_nclasses_10_ncols_100_stratify_True,lr,
wine_seed_0_nrows_2000_nclasses_10_ncols_100_stratify_True,rf,
wine_seed_0_nrows_2000_nclasses_10_ncols_100_stratify_True,svm,
wine_seed_0_nrows_2000_nclasses_10_ncols_100_stratify_True,mlp,
wine_seed_0_nrows_2000_nclasses_10_ncols_100_stratify_True,knn,
Click_prediction_small_seed_0_nrows_2000_nclasses_10_ncols_100_stratify_True,lr,
Click_prediction_small_seed_0_nrows_2000_nclasses_10_ncols_100_stratify_True,rf,
Click_prediction_small_seed_0_nrows_2000_nclasses_10_ncols_100_stratify_True,svm,
Click_prediction_small_seed_0_nrows_2000_nclasses_10_ncols_100_stratify_True,mlp,
Click_prediction_small_seed_0_nrows_2000_nclasses_10_ncols_100_stratify_True,knn,
Amazon_employee_access_seed_0_nrows_2000_nclasses_10_ncols_100_stratify_True,lr,
Amazon_employee_access_seed_0_nrows_2000_nclasses_10_ncols_100_stratify_True,rf,
Amazon_employee_access_seed_0_nrows_2000_nclasses_10_ncols_100_stratify_True,svm,
Amazon_employee_access_seed_0_nrows_2000_nclasses_10_ncols_100_stratify_True,mlp,
Amazon_employee_access_seed_0_nrows_2000_nclasses_10_ncols_100_stratify_True,knn,
california_seed_0_nrows_2000_nclasses_10_ncols_100_stratify_True,lr,
california_seed_0_nrows_2000_nclasses_10_ncols_100_stratify_True,rf,
california_seed_0_nrows_2000_nclasses_10_ncols_100_stratify_True,svm,
california_seed_0_nrows_2000_nclasses_10_ncols_100_stratify_True,mlp,
california_seed_0_nrows_2000_nclasses_10_ncols_100_stratify_True,knn,
sf-police-incidents_seed_0_nrows_2000_nclasses_10_ncols_100_stratify_True,lr,
sf-police-incidents_seed_0_nrows_2000_nclasses_10_ncols_100_stratify_True,rf,
sf-police-incidents_seed_0_nrows_2000_nclasses_10_ncols_100_stratify_True,svm,
sf-police-incidents_seed_0_nrows_2000_nclasses_10_ncols_100_stratify_True,mlp,
sf-police-incidents_seed_0_nrows_2000_nclasses_10_ncols_100_stratify_True,knn,
electricity_seed_0_nrows_2000_nclasses_10_ncols_100_stratify_True,lr,
electricity_seed_0_nrows_2000_nclasses_10_ncols_100_stratify_True,rf,
electricity_seed_0_nrows_2000_nclasses_10_ncols_100_stratify_True,svm,
electricity_seed_0_nrows_2000_nclasses_10_ncols_100_stratify_True,mlp,
electricity_seed_0_nrows_2000_nclasses_10_ncols_100_stratify_True,knn,
airlines_seed_0_nrows_2000_nclasses_10_ncols_100_stratify_True,lr,
airlines_seed_0_nrows_2000_nclasses_10_ncols_100_stratify_True,rf,
airlines_seed_0_nrows_2000_nclasses_10_ncols_100_stratify_True,svm,
airlines_seed_0_nrows_2000_nclasses_10_ncols_100_stratify_True,mlp,
airlines_seed_0_nrows_2000_nclasses_10_ncols_100_stratify_True,knn,
mfeat-morphological,lr,
mfeat-morphological,rf,
mfeat-morphological,svm,
mfeat-morphological,mlp,
mfeat-morphological,knn,
jungle_chess_2pcs_raw_endgame_complete_seed_0_nrows_2000_nclasses_10_ncols_100_stratify_True,lr,
jungle_chess_2pcs_raw_endgame_complete_seed_0_nrows_2000_nclasses_10_ncols_100_stratify_True,rf,
jungle_chess_2pcs_raw_endgame_complete_seed_0_nrows_2000_nclasses_10_ncols_100_stratify_True,svm,
jungle_chess_2pcs_raw_endgame_complete_seed_0_nrows_2000_nclasses_10_ncols_100_stratify_True,mlp,
jungle_chess_2pcs_raw_endgame_complete_seed_0_nrows_2000_nclasses_10_ncols_100_stratify_True,knn,
phoneme_seed_0_nrows_2000_nclasses_10_ncols_100_stratify_True,lr,
phoneme_seed_0_nrows_2000_nclasses_10_ncols_100_stratify_True,rf,
phoneme_seed_0_nrows_2000_nclasses_10_ncols_100_stratify_True,svm,
phoneme_seed_0_nrows_2000_nclasses_10_ncols_100_stratify_True,mlp,
phoneme_seed_0_nrows_2000_nclasses_10_ncols_100_stratify_True,knn,
wilt_seed_0_nrows_2000_nclasses_10_ncols_100_stratify_True,lr,
wilt_seed_0_nrows_2000_nclasses_10_ncols_100_stratify_True,rf,
wilt_seed_0_nrows_2000_nclasses_10_ncols_100_stratify_True,svm,
wilt_seed_0_nrows_2000_nclasses_10_ncols_100_stratify_True,mlp,
wilt_seed_0_nrows_2000_nclasses_10_ncols_100_stratify_True,knn,
steel-plates-fault,lr,
steel-plates-fault,rf,
steel-plates-fault,svm,
steel-plates-fault,mlp,
steel-plates-fault,knn,
steel-plates-fault_seed_0_nrows_2000_nclasses_10_ncols_100_stratify_True,lr,
steel-plates-fault_seed_0_nrows_2000_nclasses_10_ncols_100_stratify_True,rf,
steel-plates-fault_seed_0_nrows_2000_nclasses_10_ncols_100_stratify_True,svm,
steel-plates-fault_seed_0_nrows_2000_nclasses_10_ncols_100_stratify_True,mlp,
steel-plates-fault_seed_0_nrows_2000_nclasses_10_ncols_100_stratify_True,knn,
GAMETES_Epistasis_2-Way_20atts_0.1H_EDM-1_1,lr,
GAMETES_Epistasis_2-Way_20atts_0.1H_EDM-1_1,rf,
GAMETES_Epistasis_2-Way_20atts_0.1H_EDM-1_1,svm,
GAMETES_Epistasis_2-Way_20atts_0.1H_EDM-1_1,mlp,
GAMETES_Epistasis_2-Way_20atts_0.1H_EDM-1_1,knn,
pc3,lr,
pc3,rf,
pc3,svm,
pc3,mlp,
pc3,knn,
cmc,lr,
cmc,rf,
cmc,svm,
cmc,mlp,
cmc,knn,
cmc_seed_0_nrows_2000_nclasses_10_ncols_100_stratify_True,lr,
cmc_seed_0_nrows_2000_nclasses_10_ncols_100_stratify_True,rf,
cmc_seed_0_nrows_2000_nclasses_10_ncols_100_stratify_True,svm,
cmc_seed_0_nrows_2000_nclasses_10_ncols_100_stratify_True,mlp,
cmc_seed_0_nrows_2000_nclasses_10_ncols_100_stratify_True,knn,
pc4,lr,
pc4,rf,
pc4,svm,
pc4,mlp,
pc4,knn,
pc4_seed_0_nrows_2000_nclasses_10_ncols_100_stratify_True,lr,
pc4_seed_0_nrows_2000_nclasses_10_ncols_100_stratify_True,rf,
pc4_seed_0_nrows_2000_nclasses_10_ncols_100_stratify_True,svm,
pc4_seed_0_nrows_2000_nclasses_10_ncols_100_stratify_True,mlp,
pc4_seed_0_nrows_2000_nclasses_10_ncols_100_stratify_True,knn,
banknote-authentication,lr,
banknote-authentication,rf,
banknote-authentication,svm,
banknote-authentication,mlp,
banknote-authentication,knn,
analcatdata_halloffame,lr,
analcatdata_halloffame,rf,
analcatdata_halloffame,svm,
analcatdata_halloffame,mlp,
analcatdata_halloffame,knn,
mofn-3-7-10,lr,
mofn-3-7-10,rf,
mofn-3-7-10,svm,
mofn-3-7-10,mlp,
mofn-3-7-10,knn,
socmob,lr,
socmob,rf,
socmob,svm,
socmob,mlp,
socmob,knn,
parity5_plus_5,lr,
parity5_plus_5,rf,
parity5_plus_5,svm,
parity5_plus_5,mlp,
parity5_plus_5,knn,
PieChart3,lr,
PieChart3,rf,
PieChart3,svm,
PieChart3,mlp,
PieChart3,knn,
qsar-biodeg,lr,
qsar-biodeg,rf,
qsar-biodeg,svm,
qsar-biodeg,mlp,
qsar-biodeg,knn,
qsar-biodeg_seed_0_nrows_2000_nclasses_10_ncols_100_stratify_True,lr,
qsar-biodeg_seed_0_nrows_2000_nclasses_10_ncols_100_stratify_True,rf,
qsar-biodeg_seed_0_nrows_2000_nclasses_10_ncols_100_stratify_True,svm,
qsar-biodeg_seed_0_nrows_2000_nclasses_10_ncols_100_stratify_True,mlp,
qsar-biodeg_seed_0_nrows_2000_nclasses_10_ncols_100_stratify_True,knn,
PizzaCutter3,lr,
PizzaCutter3,rf,
PizzaCutter3,svm,
PizzaCutter3,mlp,
PizzaCutter3,knn,
rmftsa_sleepdata,lr,
rmftsa_sleepdata,rf,
rmftsa_sleepdata,svm,
rmftsa_sleepdata,mlp,
rmftsa_sleepdata,knn,
credit-g,lr,
credit-g,rf,
credit-g,svm,
credit-g,mlp,
credit-g,knn,
dummy,lr,
dummy,rf,
dummy,svm,
dummy,mlp,
dummy,knn,
xd6,lr,
xd6,rf,
xd6,svm,
xd6,mlp,
xd6,knn,
tokyo1,lr,
tokyo1,rf,
tokyo1,svm,
tokyo1,mlp,
tokyo1,knn,
tic-tac-toe,lr,
tic-tac-toe,rf,
tic-tac-toe,svm,
tic-tac-toe,mlp,
tic-tac-toe,knn,
Tour-and-Travels-Customer-Churn-Prediction,lr,
Tour-and-Travels-Customer-Churn-Prediction,rf,
Tour-and-Travels-Customer-Churn-Prediction,svm,
Tour-and-Travels-Customer-Churn-Prediction,mlp,
Tour-and-Travels-Customer-Churn-Prediction,knn,
stock,lr,
stock,rf,
stock,svm,
stock,mlp,
stock,knn,
vehicle,lr,
vehicle,rf,
vehicle,svm,
vehicle,mlp,
vehicle,knn,
vehicle_reproduced,lr,
vehicle_reproduced,rf,
vehicle_reproduced,svm,
vehicle_reproduced,mlp,
vehicle_reproduced,knn,
analcatdata_authorship,lr,
analcatdata_authorship,rf,
analcatdata_authorship,svm,
analcatdata_authorship,mlp,
analcatdata_authorship,knn,
analcatdata_dmft,lr,
analcatdata_dmft,rf,
analcatdata_dmft,svm,
analcatdata_dmft,mlp,
analcatdata_dmft,knn,
diabetes,lr,
diabetes,rf,
diabetes,svm,
diabetes,mlp,
diabetes,knn,
blood-transfusion-service-center,lr,
blood-transfusion-service-center,rf,
blood-transfusion-service-center,svm,
blood-transfusion-service-center,mlp,
blood-transfusion-service-center,knn,
blood-transfusion-service-center_seed_0_nrows_2000_nclasses_10_ncols_100_stratify_True,lr,
blood-transfusion-service-center_seed_0_nrows_2000_nclasses_10_ncols_100_stratify_True,rf,
blood-transfusion-service-center_seed_0_nrows_2000_nclasses_10_ncols_100_stratify_True,svm,
blood-transfusion-service-center_seed_0_nrows_2000_nclasses_10_ncols_100_stratify_True,mlp,
blood-transfusion-service-center_seed_0_nrows_2000_nclasses_10_ncols_100_stratify_True,knn,
doa_bwin_balanced,lr,
doa_bwin_balanced,rf,
doa_bwin_balanced,svm,
doa_bwin_balanced,mlp,
doa_bwin_balanced,knn,
PieChart1,lr,
PieChart1,rf,
PieChart1,svm,
PieChart1,mlp,
PieChart1,knn,
breast-w,lr,
breast-w,rf,
breast-w,svm,
breast-w,mlp,
breast-w,knn,
credit-approval,lr,
credit-approval,rf,
credit-approval,svm,
credit-approval,mlp,
credit-approval,knn,
credit-approval_reproduced,lr,
credit-approval_reproduced,rf,
credit-approval_reproduced,svm,
credit-approval_reproduced,mlp,
credit-approval_reproduced,knn,
Australian,lr,
Australian,rf,
Australian,svm,
Australian,mlp,
Australian,knn,
Australian_seed_0_nrows_2000_nclasses_10_ncols_100_stratify_True,lr,
Australian_seed_0_nrows_2000_nclasses_10_ncols_100_stratify_True,rf,
Australian_seed_0_nrows_2000_nclasses_10_ncols_100_stratify_True,svm,
Australian_seed_0_nrows_2000_nclasses_10_ncols_100_stratify_True,mlp,
Australian_seed_0_nrows_2000_nclasses_10_ncols_100_stratify_True,knn,
disclosure_x_bias,lr,
disclosure_x_bias,rf,
disclosure_x_bias,svm,
disclosure_x_bias,mlp,
disclosure_x_bias,knn,
disclosure_x_tampered,lr,
disclosure_x_tampered,rf,
disclosure_x_tampered,svm,
disclosure_x_tampered,mlp,
disclosure_x_tampered,knn,
disclosure_x_noise,lr,
disclosure_x_noise,rf,
disclosure_x_noise,svm,
disclosure_x_noise,mlp,
disclosure_x_noise,knn,
disclosure_z,lr,
disclosure_z,rf,
disclosure_z,svm,
disclosure_z,mlp,
disclosure_z,knn,
PizzaCutter1,lr,
PizzaCutter1,rf,
PizzaCutter1,svm,
PizzaCutter1,mlp,
PizzaCutter1,knn,
balance-scale,lr,
balance-scale,rf,
balance-scale,svm,
balance-scale,mlp,
balance-scale,knn,
monks-problems-2,lr,
monks-problems-2,rf,
monks-problems-2,svm,
monks-problems-2,mlp,
monks-problems-2,knn,
synthetic_control,lr,
synthetic_control,rf,
synthetic_control,svm,
synthetic_control,mlp,
synthetic_control,knn,
sensory,lr,
sensory,rf,
sensory,svm,
sensory,mlp,
sensory,knn,
wdbc,lr,
wdbc,rf,
wdbc,svm,
wdbc,mlp,
wdbc,knn,
arsenic-female-bladder,lr,
arsenic-female-bladder,rf,
arsenic-female-bladder,svm,
arsenic-female-bladder,mlp,
arsenic-female-bladder,knn,
monks-problems-1,lr,
monks-problems-1,rf,
monks-problems-1,svm,
monks-problems-1,mlp,
monks-problems-1,knn,
monks-problems-3,lr,
monks-problems-3,rf,
monks-problems-3,svm,
monks-problems-3,mlp,
monks-problems-3,knn,
climate-model-simulation-crashes,lr,
climate-model-simulation-crashes,rf,
climate-model-simulation-crashes,svm,
climate-model-simulation-crashes,mlp,
climate-model-simulation-crashes,knn,
doa_bwin,lr,
doa_bwin,rf,
doa_bwin,svm,
doa_bwin,mlp,
doa_bwin,knn,
CPMP-2015-runtime-classification,lr,
CPMP-2015-runtime-classification,rf,
CPMP-2015-runtime-classification,svm,
CPMP-2015-runtime-classification,mlp,
CPMP-2015-runtime-classification,knn,
kc2,lr,
kc2,rf,
kc2,svm,
kc2,mlp,
kc2,knn,
threeOf9,lr,
threeOf9,rf,
threeOf9,svm,
threeOf9,mlp,
threeOf9,knn,
rmftsa_ladata,lr,
rmftsa_ladata,rf,
rmftsa_ladata,svm,
rmftsa_ladata,mlp,
rmftsa_ladata,knn,
boston_corrected,lr,
boston_corrected,rf,
boston_corrected,svm,
boston_corrected,mlp,
boston_corrected,knn,
boston,lr,
boston,rf,
boston,svm,
boston,mlp,
boston,knn,
collins,lr,
collins,rf,
collins,svm,
collins,mlp,
collins,knn,
pm10,lr,
pm10,rf,
pm10,svm,
pm10,mlp,
pm10,knn,
no2,lr,
no2,rf,
no2,svm,
no2,mlp,
no2,knn,
LED-display-domain-7digit,lr,
LED-display-domain-7digit,rf,
LED-display-domain-7digit,svm,
LED-display-domain-7digit,mlp,
LED-display-domain-7digit,knn,
irish,lr,
irish,rf,
irish,svm,
irish,mlp,
irish,knn,
PopularKids,lr,
PopularKids,rf,
PopularKids,svm,
PopularKids,mlp,
PopularKids,knn,
analcatdata_apnea2,lr,
analcatdata_apnea2,rf,
analcatdata_apnea2,svm,
analcatdata_apnea2,mlp,
analcatdata_apnea2,knn,
analcatdata_apnea1,lr,
analcatdata_apnea1,rf,
analcatdata_apnea1,svm,
analcatdata_apnea1,mlp,
analcatdata_apnea1,knn,
thoracic-surgery,lr,
thoracic-surgery,rf,
thoracic-surgery,svm,
thoracic-surgery,mlp,
thoracic-surgery,knn,
analcatdata_vineyard,lr,
analcatdata_vineyard,rf,
analcatdata_vineyard,svm,
analcatdata_vineyard,mlp,
analcatdata_vineyard,knn,
chscase_vine2,lr,
chscase_vine2,rf,
chscase_vine2,svm,
chscase_vine2,mlp,
chscase_vine2,knn,
sa-heart,lr,
sa-heart,rf,
sa-heart,svm,
sa-heart,mlp,
sa-heart,knn,
analcatdata_apnea3,lr,
analcatdata_apnea3,rf,
analcatdata_apnea3,svm,
analcatdata_apnea3,mlp,
analcatdata_apnea3,knn,
wholesale-customers,lr,
wholesale-customers,rf,
wholesale-customers,svm,
wholesale-customers,mlp,
wholesale-customers,knn,
mw1,lr,
mw1,rf,
mw1,svm,
mw1,mlp,
mw1,knn,
user-knowledge,lr,
user-knowledge,rf,
user-knowledge,svm,
user-knowledge,mlp,
user-knowledge,knn,
chscase_census5,lr,
chscase_census5,rf,
chscase_census5,svm,
chscase_census5,mlp,
chscase_census5,knn,
chscase_census4,lr,
chscase_census4,rf,
chscase_census4,svm,
chscase_census4,mlp,
chscase_census4,knn,
chscase_census3,lr,
chscase_census3,rf,
chscase_census3,svm,
chscase_census3,mlp,
chscase_census3,knn,
chscase_census2,lr,
chscase_census2,rf,
chscase_census2,svm,
chscase_census2,mlp,
chscase_census2,knn,
chscase_census6,lr,
chscase_census6,rf,
chscase_census6,svm,
chscase_census6,mlp,
chscase_census6,knn,
analcatdata_germangss,lr,
analcatdata_germangss,rf,
analcatdata_germangss,svm,
analcatdata_germangss,mlp,
analcatdata_germangss,knn,
calendarDOW,lr,
calendarDOW,rf,
calendarDOW,svm,
calendarDOW,mlp,
calendarDOW,knn,
autoMpg,lr,
autoMpg,rf,
autoMpg,svm,
autoMpg,mlp,
autoMpg,knn,
vinnie,lr,
vinnie,rf,
vinnie,svm,
vinnie,mlp,
vinnie,knn,
jEdit_4.2_4.3,lr,
jEdit_4.2_4.3,rf,
jEdit_4.2_4.3,svm,
jEdit_4.2_4.3,mlp,
jEdit_4.2_4.3,knn,
dermatology,lr,
dermatology,rf,
dermatology,svm,
dermatology,mlp,
dermatology,knn,
analcatdata_draft,lr,
analcatdata_draft,rf,
analcatdata_draft,svm,
analcatdata_draft,mlp,
analcatdata_draft,knn,
analcatdata_birthday,lr,
analcatdata_birthday,rf,
analcatdata_birthday,svm,
analcatdata_birthday,mlp,
analcatdata_birthday,knn,
ionosphere,lr,
ionosphere,rf,
ionosphere,svm,
ionosphere,mlp,
ionosphere,knn,
SPECTF,lr,
SPECTF,rf,
SPECTF,svm,
SPECTF,mlp,
SPECTF,knn,
penguins,lr,
penguins,rf,
penguins,svm,
penguins,mlp,
penguins,knn,
CastMetal1,lr,
CastMetal1,rf,
CastMetal1,svm,
CastMetal1,mlp,
CastMetal1,knn,
visualizing_galaxy,lr,
visualizing_galaxy,rf,
visualizing_galaxy,svm,
visualizing_galaxy,mlp,
visualizing_galaxy,knn,
plasma_retinol,lr,
plasma_retinol,rf,
plasma_retinol,svm,
plasma_retinol,mlp,
plasma_retinol,knn,
solar-flare,lr,
solar-flare,rf,
solar-flare,svm,
solar-flare,mlp,
solar-flare,knn,
diggle_table_a2,lr,
diggle_table_a2,rf,
diggle_table_a2,svm,
diggle_table_a2,mlp,
diggle_table_a2,knn,
vertebra-column,lr,
vertebra-column,rf,
vertebra-column,svm,
vertebra-column,mlp,
vertebra-column,knn,
haberman,lr,
haberman,rf,
haberman,svm,
haberman,mlp,
haberman,knn,
heart-c,lr,
heart-c,rf,
heart-c,svm,
heart-c,mlp,
heart-c,knn,
cleveland,lr,
cleveland,rf,
cleveland,svm,
cleveland,mlp,
cleveland,knn,
cholesterol,lr,
cholesterol,rf,
cholesterol,svm,
cholesterol,mlp,
cholesterol,knn,
cleve,lr,
cleve,rf,
cleve,svm,
cleve,mlp,
cleve,knn,
cleveland-nominal,lr,
cleveland-nominal,rf,
cleveland-nominal,svm,
cleveland-nominal,mlp,
cleveland-nominal,knn,
CostaMadre1,lr,
CostaMadre1,rf,
CostaMadre1,svm,
CostaMadre1,mlp,
CostaMadre1,knn,
Heart_disease_prediction_20,lr,
Heart_disease_prediction_20,rf,
Heart_disease_prediction_20,svm,
Heart_disease_prediction_20,mlp,
Heart_disease_prediction_20,knn,
breast-cancer,lr,
breast-cancer,rf,
breast-cancer,svm,
breast-cancer,mlp,
breast-cancer,knn,
breastTumor,lr,
breastTumor,rf,
breastTumor,svm,
breastTumor,mlp,
breastTumor,knn,
analcatdata_broadwaymult,lr,
analcatdata_broadwaymult,rf,
analcatdata_broadwaymult,svm,
analcatdata_broadwaymult,mlp,
analcatdata_broadwaymult,knn,
mu284,lr,
mu284,rf,
mu284,svm,
mu284,mlp,
mu284,knn,
DiabeticMellitus,lr,
DiabeticMellitus,rf,
DiabeticMellitus,svm,
DiabeticMellitus,mlp,
DiabeticMellitus,knn,
breast-cancer-dropped-missing-attributes-values,lr,
breast-cancer-dropped-missing-attributes-values,rf,
breast-cancer-dropped-missing-attributes-values,svm,
breast-cancer-dropped-missing-attributes-values,mlp,
breast-cancer-dropped-missing-attributes-values,knn,
jEdit_4.0_4.2,lr,
jEdit_4.0_4.2,rf,
jEdit_4.0_4.2,svm,
jEdit_4.0_4.2,mlp,
jEdit_4.0_4.2,knn,
heart-statlog,lr,
heart-statlog,rf,
heart-statlog,svm,
heart-statlog,mlp,
heart-statlog,knn,
SPECT,lr,
SPECT,rf,
SPECT,svm,
SPECT,mlp,
SPECT,knn,
Touch2,lr,
Touch2,rf,
Touch2,svm,
Touch2,mlp,
Touch2,knn,
analcatdata_lawsuit,lr,
analcatdata_lawsuit,rf,
analcatdata_lawsuit,svm,
analcatdata_lawsuit,mlp,
analcatdata_lawsuit,knn,
rmftsa_ctoarrivals,lr,
rmftsa_ctoarrivals,rf,
rmftsa_ctoarrivals,svm,
rmftsa_ctoarrivals,mlp,
rmftsa_ctoarrivals,knn,
MegaWatt1,lr,
MegaWatt1,rf,
MegaWatt1,svm,
MegaWatt1,mlp,
MegaWatt1,knn,
bodyfat,lr,
bodyfat,rf,
bodyfat,svm,
bodyfat,mlp,
bodyfat,knn,
qualitative-bankruptcy,lr,
qualitative-bankruptcy,rf,
qualitative-bankruptcy,svm,
qualitative-bankruptcy,mlp,
qualitative-bankruptcy,knn,
prnn_synth,lr,
prnn_synth,rf,
prnn_synth,svm,
prnn_synth,mlp,
prnn_synth,knn,
conference_attendance,lr,
conference_attendance,rf,
conference_attendance,svm,
conference_attendance,mlp,
conference_attendance,knn,
chatfield_4,lr,
chatfield_4,rf,
chatfield_4,svm,
chatfield_4,mlp,
chatfield_4,knn,
chscase_whale,lr,
chscase_whale,rf,
chscase_whale,svm,
chscase_whale,mlp,
chscase_whale,knn,
lungcancer_GSE31210,lr,
lungcancer_GSE31210,rf,
lungcancer_GSE31210,svm,
lungcancer_GSE31210,mlp,
lungcancer_GSE31210,knn,
chscase_geyser1,lr,
chscase_geyser1,rf,
chscase_geyser1,svm,
chscase_geyser1,mlp,
chscase_geyser1,knn,
thyroid-new,lr,
thyroid-new,rf,
thyroid-new,svm,
thyroid-new,mlp,
thyroid-new,knn,
glass,lr,
glass,rf,
glass,svm,
glass,mlp,
glass,knn,
prnn_fglass,lr,
prnn_fglass,rf,
prnn_fglass,svm,
prnn_fglass,mlp,
prnn_fglass,knn,
seeds,lr,
seeds,rf,
seeds,svm,
seeds,mlp,
seeds,knn,
biomed,lr,
biomed,rf,
biomed,svm,
biomed,mlp,
biomed,knn,
cpu,lr,
cpu,rf,
cpu,svm,
cpu,mlp,
cpu,knn,
machine_cpu,lr,
machine_cpu,rf,
machine_cpu,svm,
machine_cpu,mlp,
machine_cpu,knn,
sonar,lr,
sonar,rf,
sonar,svm,
sonar,mlp,
sonar,knn,
regime_alimentaire,lr,
regime_alimentaire,rf,
regime_alimentaire,svm,
regime_alimentaire,mlp,
regime_alimentaire,knn,
heart-long-beach,lr,
heart-long-beach,rf,
heart-long-beach,svm,
heart-long-beach,mlp,
heart-long-beach,knn,
pwLinear,lr,
pwLinear,rf,
pwLinear,svm,
pwLinear,mlp,
pwLinear,knn,
prnn_crabs,lr,
prnn_crabs,rf,
prnn_crabs,svm,
prnn_crabs,mlp,
prnn_crabs,knn,
parkinsons,lr,
parkinsons,rf,
parkinsons,svm,
parkinsons,mlp,
parkinsons,knn,
pharynx,lr,
pharynx,rf,
pharynx,svm,
pharynx,mlp,
pharynx,knn,
KnuggetChase3,lr,
KnuggetChase3,rf,
KnuggetChase3,svm,
KnuggetChase3,mlp,
KnuggetChase3,knn,
wisconsin,lr,
wisconsin,rf,
wisconsin,svm,
wisconsin,mlp,
wisconsin,knn,
lowbwt,lr,
lowbwt,rf,
lowbwt,svm,
lowbwt,mlp,
lowbwt,knn,
triazines,lr,
triazines,rf,
triazines,svm,
triazines,mlp,
triazines,knn,
chscase_funds,lr,
chscase_funds,rf,
chscase_funds,svm,
chscase_funds,mlp,
chscase_funds,knn,
planning-relax,lr,
planning-relax,rf,
planning-relax,svm,
planning-relax,mlp,
planning-relax,knn,
Smartphone-Based_Recognition_of_Human_Activities,lr,
Smartphone-Based_Recognition_of_Human_Activities,rf,
Smartphone-Based_Recognition_of_Human_Activities,svm,
Smartphone-Based_Recognition_of_Human_Activities,mlp,
Smartphone-Based_Recognition_of_Human_Activities,knn,
backache,lr,
backache,rf,
backache,svm,
backache,mlp,
backache,knn,
wine,lr,
wine,rf,
wine,svm,
wine,mlp,
wine,knn,
servo,lr,
servo,rf,
servo,svm,
servo,mlp,
servo,knn,
robot-failures-lp5,lr,
robot-failures-lp5,rf,
robot-failures-lp5,svm,
robot-failures-lp5,mlp,
robot-failures-lp5,knn,
analcatdata_wildcat,lr,
analcatdata_wildcat,rf,
analcatdata_wildcat,svm,
analcatdata_wildcat,mlp,
analcatdata_wildcat,knn,
mc2,lr,
mc2,rf,
mc2,svm,
mc2,mlp,
mc2,knn,
corral,lr,
corral,rf,
corral,svm,
corral,mlp,
corral,knn,
hayes-roth,lr,
hayes-roth,rf,
hayes-roth,svm,
hayes-roth,mlp,
hayes-roth,knn,
auto_price,lr,
auto_price,rf,
auto_price,svm,
auto_price,mlp,
auto_price,knn,
autoPrice,lr,
autoPrice,rf,
autoPrice,svm,
autoPrice,mlp,
autoPrice,knn,
analcatdata_gsssexsurvey,lr,
analcatdata_gsssexsurvey,rf,
analcatdata_gsssexsurvey,svm,
analcatdata_gsssexsurvey,mlp,
analcatdata_gsssexsurvey,knn,
TuningSVMs,lr,
TuningSVMs,rf,
TuningSVMs,svm,
TuningSVMs,mlp,
TuningSVMs,knn,
grub-damage,lr,
grub-damage,rf,
grub-damage,svm,
grub-damage,mlp,
grub-damage,knn,
teachingAssistant,lr,
teachingAssistant,rf,
teachingAssistant,svm,
teachingAssistant,mlp,
teachingAssistant,knn,
tae,lr,
tae,rf,
tae,svm,
tae,mlp,
tae,knn,
iris,lr,
iris,rf,
iris,svm,
iris,mlp,
iris,knn,
iris-example,lr,
iris-example,rf,
iris-example,svm,
iris-example,mlp,
iris-example,knn,
sleuth_case2002,lr,
sleuth_case2002,rf,
sleuth_case2002,svm,
sleuth_case2002,mlp,
sleuth_case2002,knn,
kc1-top5,lr,
kc1-top5,rf,
kc1-top5,svm,
kc1-top5,mlp,
kc1-top5,knn,
kc1-binary,lr,
kc1-binary,rf,
kc1-binary,svm,
kc1-binary,mlp,
kc1-binary,knn,
newton_hema,lr,
newton_hema,rf,
newton_hema,svm,
newton_hema,mlp,
newton_hema,knn,
veteran,lr,
veteran,rf,
veteran,svm,
veteran,mlp,
veteran,knn,
analcatdata_boxing2,lr,
analcatdata_boxing2,rf,
analcatdata_boxing2,svm,
analcatdata_boxing2,mlp,
analcatdata_boxing2,knn,
analcatdata_seropositive,lr,
analcatdata_seropositive,rf,
analcatdata_seropositive,svm,
analcatdata_seropositive,mlp,
analcatdata_seropositive,knn,
transplant,lr,
transplant,rf,
transplant,svm,
transplant,mlp,
transplant,knn,
datatrieve,lr,
datatrieve,rf,
datatrieve,svm,
datatrieve,mlp,
datatrieve,knn,
visualizing_livestock,lr,
visualizing_livestock,rf,
visualizing_livestock,svm,
visualizing_livestock,mlp,
visualizing_livestock,knn,
humandevel,lr,
humandevel,rf,
humandevel,svm,
humandevel,mlp,
humandevel,knn,
mux6,lr,
mux6,rf,
mux6,svm,
mux6,mlp,
mux6,knn,
MindCave2,lr,
MindCave2,rf,
MindCave2,svm,
MindCave2,mlp,
MindCave2,knn,
fruitfly,lr,
fruitfly,rf,
fruitfly,svm,
fruitfly,mlp,
fruitfly,knn,
KungChi3,lr,
KungChi3,rf,
KungChi3,svm,
KungChi3,mlp,
KungChi3,knn,
heart-switzerland,lr,
heart-switzerland,rf,
heart-switzerland,svm,
heart-switzerland,mlp,
heart-switzerland,knn,
ar1,lr,
ar1,rf,
ar1,svm,
ar1,mlp,
ar1,knn,
analcatdata_boxing1,lr,
analcatdata_boxing1,rf,
analcatdata_boxing1,svm,
analcatdata_boxing1,mlp,
analcatdata_boxing1,knn,
rabe_266,lr,
rabe_266,rf,
rabe_266,svm,
rabe_266,mlp,
rabe_266,knn,
robot-failures-lp4,lr,
robot-failures-lp4,rf,
robot-failures-lp4,svm,
robot-failures-lp4,mlp,
robot-failures-lp4,knn,
visualizing_environmental,lr,
visualizing_environmental,rf,
visualizing_environmental,svm,
visualizing_environmental,mlp,
visualizing_environmental,knn,
cloud,lr,
cloud,rf,
cloud,svm,
cloud,mlp,
cloud,knn,
analcatdata_michiganacc,lr,
analcatdata_michiganacc,rf,
analcatdata_michiganacc,svm,
analcatdata_michiganacc,mlp,
analcatdata_michiganacc,knn,
ar4,lr,
ar4,rf,
ar4,svm,
ar4,mlp,
ar4,knn,
molecular-biology_promoters,lr,
molecular-biology_promoters,rf,
molecular-biology_promoters,svm,
molecular-biology_promoters,mlp,
molecular-biology_promoters,knn,
breast-tissue,lr,
breast-tissue,rf,
breast-tissue,svm,
breast-tissue,mlp,
breast-tissue,knn,
ar6,lr,
ar6,rf,
ar6,svm,
ar6,mlp,
ar6,knn,
zoo,lr,
zoo,rf,
zoo,svm,
zoo,mlp,
zoo,knn,
fertility,lr,
fertility,rf,
fertility,svm,
fertility,mlp,
fertility,knn,
analcatdata_creditscore,lr,
analcatdata_creditscore,rf,
analcatdata_creditscore,svm,
analcatdata_creditscore,mlp,
analcatdata_creditscore,knn,
blogger,lr,
blogger,rf,
blogger,svm,
blogger,mlp,
blogger,knn,
analcatdata_chlamydia,lr,
analcatdata_chlamydia,rf,
analcatdata_chlamydia,svm,
analcatdata_chlamydia,mlp,
analcatdata_chlamydia,knn,
analcatdata_neavote,lr,
analcatdata_neavote,rf,
analcatdata_neavote,svm,
analcatdata_neavote,mlp,
analcatdata_neavote,knn,
